{"cameraMode":{"drawMode":0,"name":"Shaded","section":"Shading Mode"},"sceneLighting":true,"audioPlay":false,"sceneViewState":{"m_AlwaysRefresh":false,"showFog":true,"showSkybox":true,"showFlares":true,"showImageEffects":true,"showParticleSystems":true,"showVisualEffectGraphs":true,"m_FxEnabled":true},"in2DMode":false,"pivot":{"x":373.51708984375,"y":240.18165588378907,"z":-93.59192657470703},"rotation":{"x":0.022492269054055215,"y":0.02278846874833107,"z":-0.0005118483095429838,"w":0.9994932413101196},"size":4.721747398376465,"orthographic":false}