{"cameraMode":{"drawMode":0,"name":"Shaded","section":"Shading Mode"},"sceneLighting":false,"audioPlay":false,"sceneViewState":{"m_AlwaysRefresh":false,"showFog":true,"showSkybox":false,"showFlares":true,"showImageEffects":true,"showParticleSystems":true,"showVisualEffectGraphs":true,"m_FxEnabled":true},"in2DMode":false,"pivot":{"x":-130.163330078125,"y":153.55882263183595,"z":-24.094242095947267},"rotation":{"x":0.05696248263120651,"y":0.015270913019776345,"z":-0.0008715965086594224,"w":0.9982616901397705},"size":3.7234129905700685,"orthographic":false}