{"cameraMode":{"drawMode":0,"name":"Shaded","section":"Shading Mode"},"sceneLighting":false,"audioPlay":false,"sceneViewState":{"m_AlwaysRefresh":false,"showFog":false,"showSkybox":false,"showFlares":false,"showImageEffects":false,"showParticleSystems":false,"showVisualEffectGraphs":true,"m_FxEnabled":true},"in2DMode":false,"pivot":{"x":0.05785322189331055,"y":1.222198724746704,"z":0.0183793306350708},"rotation":{"x":-0.040021225810050967,"y":-0.8865929841995239,"z":0.07813126593828201,"w":-0.45414552092552187},"size":0.29219815135002139,"orthographic":true}