{"cameraMode":{"drawMode":0,"name":"Shaded","section":"Shading Mode"},"sceneLighting":false,"audioPlay":false,"sceneViewState":{"m_AlwaysRefresh":false,"showFog":true,"showSkybox":false,"showFlares":true,"showImageEffects":true,"showParticleSystems":true,"showVisualEffectGraphs":true,"m_FxEnabled":true},"in2DMode":false,"pivot":{"x":0.12715744972229005,"y":4.693614482879639,"z":-5.18373441696167},"rotation":{"x":0.031866367906332019,"y":0.7272152304649353,"z":-0.03384184464812279,"w":0.6848397254943848},"size":2.2637903690338136,"orthographic":false}