{"cameraMode":{"drawMode":0,"name":"Shaded","section":"Shading Mode"},"sceneLighting":false,"audioPlay":false,"sceneViewState":{"m_AlwaysRefresh":false,"showFog":true,"showSkybox":false,"showFlares":true,"showImageEffects":true,"showParticleSystems":true,"showVisualEffectGraphs":true,"m_FxEnabled":true},"in2DMode":false,"pivot":{"x":-0.007766708731651306,"y":1.2255809307098389,"z":-0.1707850992679596},"rotation":{"x":-0.001750680385157466,"y":0.9930528998374939,"z":-0.014896966516971589,"w":-0.11672021448612213},"size":0.488140344619751,"orthographic":false}