{"cameraMode":{"drawMode":0,"name":"Shaded","section":"Shading Mode"},"sceneLighting":false,"audioPlay":false,"sceneViewState":{"m_AlwaysRefresh":false,"showFog":false,"showSkybox":false,"showFlares":false,"showImageEffects":false,"showParticleSystems":false,"showVisualEffectGraphs":true,"m_FxEnabled":true},"in2DMode":false,"pivot":{"x":0.2512340545654297,"y":10.790608406066895,"z":8.285486221313477},"rotation":{"x":0.018122972920536996,"y":0.9198716878890991,"z":0.042804840952157977,"w":-0.3894578814506531},"size":3.7831943035125734,"orthographic":false}