{"cameraMode":{"drawMode":0,"name":"Shaded","section":"Shading Mode"},"sceneLighting":false,"audioPlay":false,"sceneViewState":{"m_AlwaysRefresh":false,"showFog":true,"showSkybox":false,"showFlares":true,"showImageEffects":true,"showParticleSystems":true,"showVisualEffectGraphs":true,"m_FxEnabled":true},"in2DMode":false,"pivot":{"x":1397.7781982421875,"y":144.2839813232422,"z":329.9687805175781},"rotation":{"x":0.04934079572558403,"y":0.9023874998092651,"z":-0.1074344664812088,"w":0.41439953446388247},"size":0.32403746247291567,"orthographic":false}