{"cameraMode":{"drawMode":0,"name":"Shaded","section":"Shading Mode"},"sceneLighting":false,"audioPlay":false,"sceneViewState":{"m_AlwaysRefresh":false,"showFog":true,"showSkybox":false,"showFlares":true,"showImageEffects":true,"showParticleSystems":true,"showVisualEffectGraphs":true,"m_FxEnabled":true},"in2DMode":false,"pivot":{"x":25.658605575561525,"y":13.888595581054688,"z":-3.232579469680786},"rotation":{"x":0.08554299920797348,"y":0.22370174527168275,"z":-0.019714156165719034,"w":0.970697283744812},"size":15.889059066772461,"orthographic":false}