{"cameraMode":{"drawMode":0,"name":"Shaded","section":"Shading Mode"},"sceneLighting":false,"audioPlay":false,"sceneViewState":{"m_AlwaysRefresh":false,"showFog":true,"showSkybox":false,"showFlares":true,"showImageEffects":true,"showParticleSystems":true,"showVisualEffectGraphs":true,"m_FxEnabled":true},"in2DMode":false,"pivot":{"x":0.0005664825439453125,"y":0.8154119849205017,"z":-0.11108477413654328},"rotation":{"x":-0.0012649197597056628,"y":0.9856429696083069,"z":-0.00739252520725131,"w":-0.16868506371974946},"size":1.0986895561218262,"orthographic":false}